,Name,Cuisine,score,rank
0,4,12,3.17808219178,1
1,4,13,3.1625,2
2,4,7,3.13432835821,3
3,4,6,3.07462686567,4
4,4,10,3.07228915663,5
