,Unnamed: 0,Name,Cuisine,score,rank
0,0,4,Korean,3.1780821917799997,1
1,1,4,Vegetarian,3.1625,2
2,2,4,Japanese,3.13432835821,3
3,3,4,Mexican,3.0746268656700004,4
4,4,4,Pizzeria,3.0722891566299997,5
